name,nationality
Michael A. Taylor,United States
Target Field,
Minnesota Twins,United States
Pregame Press Conference,United States
Commissioner Rob Manfred,United States
Hank Aaron,United States
Tony Clark,United States
Robert Manfred,United States
Giancarlo Stanton,United States
Jose Altuve,Venezuela
Kris Bryant,United States
David Ortiz,Dominican Republic
Josh Donaldson,United States
Bryce Harper,United States
Miguel Cabrera,Venezuela
Paul Goldschmidt,United States
"Allan H. ""Bud"" Selig",United States
Jose Bautista,Dominican Republic
Gary Thorne,United States
Joey Votto,Canada
Derek Jeter,United States
Doug Koshima,
Aramis Ramirez,Dominican Republic
Kevin Youkilis,United States
Prince Fielder,United States
Michael Troetti,
Rick Goings,
Roxanne Spillett,
John Greenleaf,
Andruw Jones,Curaçao
Harold Reynolds,United States
Barry Bonds,United States
Manny Ramirez,Dominican Republic
Albert Pujols,Dominican Republic
Alex Rodriguez,United States
Rich Levin,United States
Mark Pettie,
Sammy Sosa,Dominican Republic
Dennis Eckersley,United States
Carlton Fisk,United States
Juan Marichal,Dominican Republic
Willie Mays,United States
"Cal Ripken, Jr.",United States
Frank Robinson,United States
Paul Abbott,United States
Lou Piniella,India
Bobby Abreu,Venezuela
Vladimir Guerrero,Dominican Republic
Edwin Molina,Puerto Rico
Jay Stenhouse,
Bryan Abreu,Dominican Republic
Globe Life Field,
Houston Astros ,United States
Pregame 5 Press Conference,
Citizens Bank Park,
Houston Astros,United States
Jose Abreu,Cuba
Minute Maid Park,
Pregame 6 Press Conference,
Jose Urquidy,Mexico
Postgame 4 Press Conference,
Postgame 3 Press Conference,
Lance Lynn,United States
Chicago White Sox,United States
Postgame 1 Press Conference,
Ronald Acuña,Venezuela
Truist Park,
Atlanta Braves,
Workout Day Press Conference,
Ronald Acuna Jr.,Venezuela
Freddie Freeman,Canada
Matt Chapman,United States
Vladimir Guerrero Jr,Dominican Republic
Alex Bregman,United States
Joc Pederson,United States
Josh Bell,United States
Pete Alonso,United States
Carlos Santana,Dominican Republic
"Ronald Acuna, Jr.",Venezuela
Jason Adam,United States
Petco Park,
San Diego Padres,Spain
Pregame 4 Press Conference,
Luis Urías,Mexico
Willy Adames,Dominican Republic
Milwaukee Brewers,United States
American Family Field,
Tommy Pham,United States
Matt Adams,United States
Oscar Taveras,Dominican Republic
Kolten Wong,United States
Shelby Miller,United States
David Freese,United States
Jeremy Affeldt,United States
Benny Agbayani,United States
Christian Yelich,United States
Jesus Aguilar,Venezuela
Travis Shaw,United States
Javier Baez,Spain
Max Muncy,United States
Kyle Schwarber,United States
Rhys Hoskins,United States
Delino Deshields,United States
Hanser Alberto,Dominican Republic
Ozzie Albies,Curaçao
Charlie Morton,United States
Dansby Swanson,United States
Eddie Rosario,Puerto Rico
Postgame 2 Press Conference,
Pregame 1 Press Conference,United States
Austin Riley,United States
Sandy Alderson,United States
Pat Gillick,United States
Buzz Aldrin,
David Gump,
Jim McDonald,
Robin Ventura,United States
Edgardo Alfonzo,Venezuela
Citi Field,
New York Mets,United States
Jay Payton,United States
Mike Hampton,United States
Mike Piazza,United States
Cody Allen,United States
Andrew Miller,United States
Austin Jackson,United States
Josh Tomlin,United States
Albert Almora,United States
Albert Almora Jr.,United States
Roberto Alomar,Puerto Rico
Sandy Alomar,Puerto Rico
Bartolo Colon,Dominican Republic
Travis Fryman,United States
Postgame 5 Press Conference,
Pregame 3 Press Conference,
Sean Manaea,United States
Postgame Press Conference,United States
Francisco Lindor,Puerto Rico
Coors Field,
Home Run Derby Press Conference,
Derek Morgan,
Felipe Alou,Dominican Republic
Moises Alou,United States
Yankee Stadium,
Postgame 6 Press Conference,
Zack Greinke,United States
Jose Siri,Dominican Republic
Carlos Correa,Puerto Rico
Guaranteed Rate Field,
Justin Verlander,United States
AJ Hinch,United States
Jose Alvarado,Venezuela
Chase Field,
Philadelphia Phillies,United States
Starling Marte,Dominican Republic
Francisco Alvarez,Venezuela
Pedro Alvarez,Spain
Marlon Byrd,United States
Russell Martin,Canada
Gerrit Cole,United States
Robinson Cano,Dominican Republic
Michael Cuddyear,
Chris Davis,United States
Tim Mahoney,
David Wright,United States
Yordan Alvarez,Cuba
Michael Brantley,United States
Yordan Alverez,United States
"Ruben Amaro, Jr.",United States
Cliff Lee,United States
Aaron Judge,United States
Luis Clemente,Cuba
Roberto Clemente Jr.,United States
Robert Manfred Jr.,United States
Greg Amsinger,
Andy Navarette,
Roberto Clemente Award Presentation,United States
Joe Torre,United States
Joe Morgan,United States
Greg Maddux,United States
Harold Baines,United States
Roy Halladay,United States
Lee Smith,United States
 ,
Brady Anderson,United States
Mike Bordick,United States
Brett Anderson,United States
Seth Smith,United States
Brian Anderson,United States
Garret Anderson,United States
Mike Scioscia,Spain
Johnny Hasick,
Troy Glaus,United States
Travis D'arnaud,United States
Ian Anderson,United States
Dodger Stadium,
Sparky Anderson,United States
Tim Anderson,United States
LoanDepot Park,
Team USA,United States
Lucas Giolito,United States
Tyler Anderson,United States
Los Angeles Dodgers,United States
Pregame 2 Press Conference,
Elvis Andrus,Venezuela
Rick Ankiel,United States
Alex Anthopoulos,Canada
Spencer Strider,United States
Norichika Aoki,Japan
Luis Aparicio,Venezuela
Ozzie Guillen,Venezuela
Jackie Autry,United States
Dusty Baker,United States
Gary Carter,United States
Brian Giles,India
Esteban Loaiza,Mexico
Jason Schmidt,United States
Kevin Appier,United States
Paul Archey,
Tim Brosnan,United States
Donald Fehr,
Justin Huber,Australia
Gene Orza,
Dontrelle Willis,United States
Orlando Arcia,Venezuela
Jhoulys Chacin,Venezuela
Erik Kratz,United States
Nolan Arenado,United States
St. Louis Cardinals,United States
Kyle Freeland,United States
Chuck Armstrong,
Ken Griffey Jr.,United States
Howard Lincoln,United States
Bob Melvin,United States
Randy Arozarena,Cuba
Tropicana Field,
Tampa Bay Rays,United States
Wander Franco,Dominican Republic
Luis Arraez,Venezuela
Miami Marlins,
Jake Arrieta,United States
Rolando Arrojo,Cuba
Bronson Arroyo,United States
Ryan Hanigan,United States
Christian Arroyo,United States
Fenway Park,Ireland
Boston Red Sox,United States
Nick Pivetta,Canada
Gordon Ash,Canada
Andy Ashby,United States
Bruce Bochy,France
Garrett Atkins,United States
Richard Atkins,
Ozzie Smith,United States
Mark Attanasio,United States
Rick Schlesinger,United States
Doug Melvin,Canada
Pat O'Connor,
Jimmie Lee Solomon,United States
Rich Aurilia,United States
Livan Hernandez,Cuba
Shawon Dunston,United States
Peter Magowan,United States
Brad Ausmus,United States
John Farrell,United States
Bill Giles,United States
Felix Hernandez,Venezuela
Mike Matheny,United States
Adam Wainwright,United States
Matt Harvey,United States
Jim Leyland,United States
Max Scherzer,United States
Matt Cain,United States
Bob Giles,
Tony La Russa,United States
Ron Washington,United States
Jered Weaver,United States
Paul Caine,
Joe Girardi,United States
Ubaldo Jimenez,Dominican Republic
Charlie Manuel,United States
David Price,United States
Tim Lincecum,United States
Joe Maddon,United States
Dan Haren,United States
Jake Peavy,United States
Phil Garner,United States
Brad Penny,United States
Kenny Rogers,United States
Mark Buehrle,United States
Chris Carpenter,United States
Terry Francona,United States
Roger Clemens,United States
Jack McKeon,United States
Mark Mulder,United States
Chuck Finley,United States
Bob Brenly,United States
Derek Lowe,United States
Curt Schilling,United States
Robin Yount,United States
Alex Avila,United States
John Axford,Canada
Erick Aybar,Dominican Republic
Maicer Izturis,Venezuela
Brandon Backe,
Harrison Bader,United States
New York Yankees,United States
Progressive Field,
Paul Goldsmith,
Tyler O'Neill,
Matt Carpenter,United States
Willson Contreras,Venezuela
Addison Russell,United States
Jon Lester,United States
Riley Greene,United States
Jeter Downs,Colombia
Shane Baez,
Futures Game Press Conference,
Jeff Bagwell,United States
Craig Biggio,United States
Nomar Garciaparra,United States
Shawn Green,United States
B.J. Surhoff,United States
Homer Bailey,United States
Brandy Halladay,United States
Edgar Martinez,Puerto Rico
Mike Mussina,United States
Mariano Rivera,Panama
Pregame 7 Press Conference,
Postgame 7 Press Conference,
T-Mobile Park,
American League,United States
Press Conference,
Rob Thomson,Canada
Zac Gallen,United States
Game 3 postponement,United States
Brian Snitker,United States
Clayton Kershaw,United States
Shane McClanahan,United States
Benito Santiago,Puerto Rico
J. T. Snow,United States
Kenny Lofton,United States
Russ Ortiz,United States
Ellis Burks,United States
Jeff Baker,United States
Yorvit Torrealba,Venezuela
Paul Bako,United States
Mark Grudzielanek,United States
Rocco Baldelli,United States
Sonny Gray,United States
Matt Garza,United States
James Baldwin,United States
Anthony Banda,United States
Sal Bando,United States
Jeff Banister,United States
Rod Barajas,United States
Luis Gonzalez,United States
Justin Turner,United States
Austin Barnes,United States
Matt Barnes,United States
Xander Bogaerts,Aruba
Darwin Barney,United States
Gabe Morales,United States
Ted Barrett,United States
Umpires,
Chris Bassitt,United States
Buck Showalter,United States
Miguel Batista,Dominican Republic
Trevor Bauer,United States
Andrew Friedman,
Trevor Bauer Media Conference,United States
Danny Bautista,Dominican Republic
Marco Estrada,Mexico
Carlos Beltran,Puerto Rico
Carlos Gonzalez,Venezuela
Matt Kemp,United States
Andrew McCutchen,United States
Justin Reckamp,
Todd Fischer,United States
Adrian Gonzalez,Mexico
Matt Holliday,United States
Jason Bay,Canada
Don Baylor,United States
Dante Bichette,United States
Vinny Castilla,Mexico
Larry Walker,Canada
Bob Gebhard,United States
Shane Baz,United States
Billy Beane,United States
Lutha Burke,
Hudson Taylor,
Jim Beattie,United States
Kike Hernandez,Puerto Rico
Matt Beaty,United States
Jeff Becker,
Bob DuPuy,
Jill Pepper,
Jeffrey Runge,
Denise Singer,
Michael Thompson,
Josh Beckett,United States
Ivan Rodriguez,Puerto Rico
Mike Lowell,Puerto Rico
Paul Beeston,Canada
Bobby Cox,United States
Randy Johnson,United States
Dale Murphy,United States
David Wells,United States
Dave Winfield,United States
David Bell,United States
Jay Bell,United States
Steve Finley,United States
Matt Williams,United States
Scott Boras,United States
Jerry Colangelo,United States
"Joe Garagiola, Jr.",
Mark Bellhorn,United States
Ronnie Belliard,United States
Chris Taylor,United States
Cody Bellinger,United States
 Postgame 5 Press Conference,
Mookie Betts,United States
 Postgame 3 Press Conference,
Oracle Park,
AJ Pollack,
Manny Machado,United States
Justin Bour,United States
Miguel Sano,Dominican Republic
Mike Moustakas,United States
Gary Sanchez,Dominican Republic
Charlie Blackmon,United States
Dan Bellino,United States
Postgame 2 Quick Quotes,United States
Brandon Belt,United States
Vera Clemente,Puerto Rico
Michael Wacha,United States
Joe Kelly,United States
Daniel Descalso,United States
Carlos Delgado,Puerto Rico
Adrian Beltre,Dominican Republic
Texas Rangers,United States
Andy Benes,United States
Andrew Benintendi,United States
Brock Holt,United States
Nathan Eovaldi,United States
Joaquin Benoit,Dominican Republic
Lance Berkman,United States
Jose Berrios,Spain
Toronto Blue Jays,United States
Quintin Berry,United States
Andy Dirks,United States
Dellin Betances,United States
Yuniesky Betancourt,Cuba
Los Angeles Dodgers ,United States
Dave Roberts,United States
Will Smith,United States
 Pregame 5 Press Conference,
Walker Buehler,United States
J.D. Martinez,United States
"Jackie Bradley, Jr.",United States
Tanner Bibee,United States
Cleveland Guardians,United States
Comerica Park,
Bo Bichette,United States
Rogers Centre,Canada
Shane Bieber,United States
Cavan Biggio,United States
Phil Caruso,
Roy Oswalt,United States
Brad Lidge,United States
Morgan Ensberg,United States
Andy Pettitte,United States
Chad Billingsley,United States
Greg Bird,United States
Bud Black,United States
Nick Blackburn,United States
Casey Blake,United States
Hank Blalock,United States
Gregor Blanco,Venezuela
Buster Posey,United States
Joe Blanton,United States
Cole Hamels,United States
Willie Bloomquist,United States
J.J. Putz,United States
Geoff Blum,United States
Torey Lovullo,United States
Paul Skenes,United States
Oriole Park at Camden Yards,
Josh Jung,United States
Dallas Keuchel,United States
Ned Yost,United States
Madison Bumgarner,United States
Ryan Vogelsong,United States
Edgar Renteria,Colombia
Chris Gomez,
Sterling Hitchcock,United States
Greg Vaughn,United States
Boston Red Sox ,United States
Brandon Workman,United States
Alec Bohm,United States
Busch Stadium,
Jeremy Bonderman,United States
Bobby Bonilla,United States
Boof Bonser,United States
Ron Gardenhire,United States
Aaron Boone,United States
Kauffman Stadium,United States
Bret Boone,United States
John Olerud,United States
Theo Epstein,United States
John Henry,
Larry Lucchino,United States
Daisuke Matsuzaka,Japan
Joe Borowski,India
Larry Bowa,United States
Paula Bowen,
Tom Kunz,
Miguel Tejada,Dominican Republic
Matthew Boyd,United States
Cody Bradford,United States
Kyle Bradish,United States
Baltimore Orioles,United States
Archie Bradley,United States
Jake Lamb,United States
Jackie Bradley Jr.,United States
Steve Pearce,United States
Ralph Branca,United States
Kirby Puckett,United States
Bobby Thomson,United States
Bobby Valentine,United States
George Springer,United States
Russ Branyan,United States
Chris Young,United States
Ryan Brasier,United States
Ryan Braun,United States
Randy Wolf,United States
Corey Hart,United States
Yovani Gallardo,Mexico
John Brebbia,United States
Marcell Ozuna,Dominican Republic
Christian Vazquez,Puerto Rico
Framber Valdez,Dominican Republic
Luis Garcia,Dominican Republic
Marwin Gonzalez,Venezuela
Chris Devenski,United States
Craig Breslow,United States
Shane Victorino,United States
George Brett,United States
Travis Lee,United States
Tim McGraw,United States
Jeff Bridich,United States
Beau Brieske,United States
Detroit Tigers,United States
Adam Ottavino,United States
Zack Britton,United States
Lou Broch,
Alfonso Soriano,Dominican Republic
Scott Brosius,United States
Chase Carey,
Don Mattingly,United States
Dana Brown,United States
Hunter Brown,United States
Kevin Brown,United States
Jim Leyritz,United States
Jonathan Broxton,United States
Jay Bruce,United States
San Francisco Giants,United States
Todd Frazier,United States
Manny Mochado,
Karl Ravech,United States
Anthony Rizzo,United States
Clay Buchholz,United States
Axton Buchta,
Joe Buck,United States
Wayne Budd,
Jamie Moyer,United States
Roberto Clemente,Puerto Rico
Al Leiter,United States
Jay Buhner,United States
Conor Gillaspie,United States
Hunter Pence,United States
Pablo Sandoval,Venezuela
Brandon Crawford,United States
Aaron Bummer,United States
Yoán Moncada,Cuba
David Burba,United States
Mark Wiley,United States
Adrian Burgos,
Jane Forbes Clark,United States
Leslie Heaphy,Saba
Jeff Idelson,United States
Dale Petroskey,
Fay Vincent,United States
Chris Burke,United States
John Burkett,United States
Bill Mueller,United States
Brian Jordan,United States
Marty Cordova,United States
Corbin Burnes,United States
Rowdy Tellez,United States
Jeremy Jeffress,United States
Corey Knebel,United States
A.J. Burnett,United States
Jeromy Burnitz,United States
Mark McGwire,United States
Pat Burrell,United States
Cody Ross,United States
Dave Bush,United States
Mike Cameron,United States
J.J. Hardy,United States
Dale Sveum,United States
Alex Buster,United States
Billy Butler,United States
Alex Gordon,United States
Paul Byrd,United States
Grady Sizemore,United States
Eric Byrnes,United States
Asdrubal Cabrera,Venezuela
Melky Cabrera,Dominican Republic
Rob Manfred,United States
Commissioner Press Conference,
Hanley Ramirez,Dominican Republic
Nick Swisher,United States
Orlando Cabrera,Colombia
Oswaldo Cabrera,Venezuela
Brandon Woodruff,United States
Lorenzo Cain,United States
Josh Hader,United States
Raul A. Mondesi,Dominican Republic
Alcides Escobar,Venezuela
Brandon Finnegan,United States
Miguel Cairo,Venezuela
Jim Edmonds,United States
Mickey Callaway,United States
Mark McLemore,United States
Ken Caminiti,United States
Jose Cano,Dominican Republic
Claribel Cano,
Raquelle Enos,
Adam Duvall,United States
Wil Myers,United States
Corey Seager,United States
Curtis Granderson,United States
Jose Canseco,Cuba
Fausto Carmona,Dominican Republic
Carl Willis,United States
Travis Hafner,United States
Eric Wedge,United States
Pete Kozma,United States
Jason Motte,United States
Scott Rolen,United States
Reggie Sanders,United States
Kerry Carpenter,United States
John Lackey,United States
Carlos Carrasco,Venezuela
Ezequiel Carrera,Venezuela
Edwin Encarnacion,Dominican Republic
Corbin Carroll,United States
Arizona Diamondbacks,
Evan Longoria,United States
Christian Walker,United States
Chris Carter,United States
Jason Castro,United States
Evan Carter,United States
Tim Wakefield,United States
Sean Casey,United States
Kevin Cash,United States
Shohei Ohtani,Japan
Brian Cashman,United States
Gene Michael,United States
Ben Casparius,United States
Daniel Hudson,United States
Nick Castellanos,United States
Diego Castillo,Dominican Republic
Luis Castillo,Dominican Republic
Seattle Mariners,United States
Miguel Castro,Dominican Republic
Starlin Castro,Dominican Republic
Aaron Hicks,United States
Chad Green,United States
Dylan Cease,United States
Leury García,Dominican Republic
Yasmani Grandal,Cuba
Brett Cecil,United States
Yoenis Cespedes,Cuba
Sonia Fife,
Jhoulus Chacin,
Hernan Perez,Venezuela
Shawn Chacon,United States
Joba Chamberlain,United States
Aroldis Chapman,Cuba
Eric Chavez,United States
Marco Scutaro,Venezuela
Jesse Chavez,United States
Wei-Yin Chen,Taiwan
Bud Norris,United States
Peter Chernin,
Bob Daly,
Robinson Chirinos,Venezuela
Corey Kluber,United States
Lonnie Chisenhall,United States
Jazz Chisholm,Bahamas
JI-Man Choi,South Korea
Jackson Chourio,Venezuela
Garrett Mitchell,United States
Aaron Civale,United States
Michael Weiner,Germany
Jeff Salazar,United States
Stephen Drew,United States
Will Clark,United States
Emmanuel Clase,Dominican Republic
Jose Ramirez,Dominican Republic
Amed Rosario,Dominican Republic
Matt Clement,United States
Salvador Perez,Venezuela
Andy Navarrete,
Nelson Cruz,Dominican Republic
Wanda Molina,Puerto Rico
Tony Gwynn,United States
Len Coleman,United States
John Smoltz,United States
Steve Haener,
Jim Thome,United States
David d'Alesandro,
Mike Clevinger,United States
James Click,United States
Tyler Clippard,United States
Alex Cobb,United States
Phil Coke,United States
Jim Colborn,United States
Clint Hurdle,United States
Jerry Coleman,United States
Tommy Lasorda,United States
Bob Wolff,United States
Terry Collins,United States
Johnny Cueto,Dominican Republic
Chris Sale,United States
Josh Collmenter,United States
David Cone,United States
Jeff Conine,United States
Jose Contreras,Cuba
William Contreras,Venezuela
Aaron Cook,United States
Scott Coolbaugh,United States
Don Cooper,United States
Alex Cora,Puerto Rico
Hyun-Jin Ryu,South Korea
Patrick Corbin,United States
Chad Cordero,United States
Brian Schneider,United States
Martin Maldonado,Puerto Rico
Kyle Tucker,United States
Nestor Cortes,Cuba
Sheldon Ocker,United States
Bob Costas,United States
Kevin Costner,
Mark Harmon,
Matt Damon,
Doug Flutie,
Neal Cotts,United States
Bobby Jenks,United States
Craig Counsel,
Craig Counsell,United States
Mark Grace,United States
Damian Miller,United States
Jake Cousins,United States
Collin Cowgill,United States
C.J. Cron,United States
Huston Street,United States
Colton Cowser,United States
Camden Yards,
Keith Lockhart,United States
Tom Glavine,United States
Javy Lopez,Puerto Rico
Kevin Millwood,United States
Andres Galarraga,Venezuela
Gerald Williams,United States
Eddie Perez,Venezuela
John Rocker,United States
Denny Neagle,United States
Allen Craig,United States
Arthur Rhodes,United States
Tim Hudson,United States
Travis Ishikawa,United States
Carl Crawford,United States
Carlos Pena,Dominican Republic
Andy Sonnanstine,United States
Adam Frazier,United States
J.P. Crawford,United States
Jerry Crawford,United States
Doug Eddings,United States
Rich Reiker,
Joe Crede,United States
Coco Crisp,United States
Jake Cronenworth,United States
Mike Napoli,United States
Scott Feldman,United States
Colby Lewis,United States
Ryan Howard,United States
Brandon Inge,United States
Joe Mauer,United States
Michael Cuddyer,United States
Charlie Culberson,United States
Will Cunnane,
Mark DeRosa,United States
Chad Curtis,United States
Max Fried,United States
A.J. Minter,United States
Omar Daal,Venezuela
Johnny Damon,United States
Terrence Long,United States
Steve Garvey,United States
Jim Rice,United States
Jon Daniels,United States
John Danks,United States
A.J. Pierzynski,United States
Yu Darvish,Japan
Team Japan,Japan
Brian Daubach,United States
Darren Daulton,Netherlands
Mike Davidson,
Tucker Davidson,United States
Luke Jackson,United States
Brennen Davis,United States
Chili Davis,Jamaica
Doug Davis,United States
Gerry Davis,United States
Jim Reynolds,United States
Jeff Nelson,United States
Wade Davis,United States
Jacob deGrom,United States
Daniel Murphy,United States
Noah Syndergaard,United States
Ryan Dempster,Canada
Dana DeMuth,
John Hirschbeck,United States
Jim Joyce,United States
Bucky Dent,United States
Anthony DeSclafani,United States
Ian Desmond,United States
Tyler Moore,
Ross Detwiler,United States
Rafael Devers,Dominican Republic
Blake DeWitt,United States
Edwin Diaz,Puerto Rico
Mark Vientos,United States
Trevor Hoffman,United States
Elías Díaz,Venezuela
National League,
Yainer Diaz,Dominican Republic
Yandy Diaz,Cuba
R.A. Dickey,United States
Mel Didier,United States
Larry Dierker,United States
Jose Lima,Dominican Republic
Jerry Dipoto,United States
Dave Dombrowski,United States
Sam Fuld,United States
Seranthony Dominguez,Dominican Republic
Jean Segura,Dominican Republic
Sal Frelick,United States
Aaron Sanchez,United States
Brendan Donnelly,United States
Sean Doolittle,United States
Yan Gomes,Brazil
Anibal Sanchez,Venezuela
Octavio Dotel,Dominican Republic
Felix Doubront,Venezuela
Jonny Gomes,United States
Camilo Doval,Dominican Republic
Brian Dozier,United States
Adam Jones,United States
Justin Morneau,Canada
Yasiel Puig,Cuba
Troy Tulowitzki,United States
Dave Dravecky,United States
J. D. Drew,United States
Clyde Drexler,
Hakeem Olajuwon,United States
Rich Dubee,United States
Mauricio Dubón,Honduras
Brian Duensing,United States
Taylor Rogers,United States
Tyler Duffey,United States
Danny Duffy,United States
Chris Duncan,United States
Jeff Weaver,United States
Dave Duncan,United States
Dan Duquette,United States
Jimy Williams,United States
Jarren Duran,United States
Jhoan Duran,Dominican Republic
Erubiel Durazo,Mexico
Chad Durbin,United States
Ryan Madson,United States
Ray Durham,
Jorge Soler,Cuba
Mike Foltynewicz,United States
Jermaine Dye,United States
Adam Eaton,United States
Dino Ebel,United States
David Eckstein,United States
Tommy Edman,United States
José Martinez,Venezuela
"Carl Edwards, Jr.",United States
Scott Effross,United States
Zach Eflin,United States
Jim Eisenreich,United States
Doug Elliott,
Kenley Jansen,Curaçao
A.J. Ellis,United States
Mark Ellis,United States
Jacoby Ellsbury,United States
John Elway,
Jason Lane,United States
Garrett Whitlock,United States
Dr. William Morgan,
Lucas Erceg,United States
Kansas City Royals,United States
Darin Erstad,United States
Adam Kennedy,United States
Alex Rios,United States
Edinson Volquez,Dominican Republic
Kelvim Escobar,Venezuela
Joe Espada,Puerto Rico
Shawn Estes,United States
Andre Ethier,United States
Jim Evans,United States
Marty Springstead,United States
Alfonso Marquez,Mexico
Mike Everitt,United States
Umpire Quick Quotes,United States
Jorge Fabregas,United States
Derek Falvey,United States
Jeurys Familia,Dominican Republic
Kyle Farmer,United States
Ryan Jeffers,United States
Andy MacPhail,United States
Lisa Fernandez,United States
Dr. Gary Green,
Elliot Kaye,
J.P. Feyereisen,United States
Jerry Hairston,United States
Kylie Kochel,
Chone Figgins,United States
Doug Fister,United States
Delmon Young,United States
Jack Flaherty,United States
Wilmer Flores,Venezuela
Tyler Flowers,United States
Cliff Floyd,United States
Gavin Floyd,United States
Josh Fogg,United States
Jason Foley,United States
Mike Fontenot,United States
Kathleen Lowenthal,
Tom Murcott,
Rachel Robinson,United States
Patrick Saunders,United States
Claire Smith,United States
Jack O'Connell,
Tim Fornaris,
Logan Forsythe,United States
Keith Foulke,United States
Bud Fowler,United States
Gil Hodges,United States
Buck O'Neil,Dominican Republic
Tony Oliva,Cuba
Minnie Miñoso,Cuba
Jim Kaat,United States
Induction Ceremony,
Dexter Fowler,United States
Chad Fox,United States
Braden Looper,United States
Juan Pierre,United States
Jeff Francis,Canada
Brad Hawpe,United States
Dan O'Dowd,
Ben Francisco,United States
John Franco,United States
Jeff Francoeur,France
Macay McBride,United States
Lee Thomas,
Ryan Franklin,United States
Nancy Frates,United States
John Frates,United States
Didi Gregorius,Curaçao
Trevor Story,United States
Tony Wolters,United States
Drew Smyly,United States
Jon Jay,United States
Edwin Jackson,United States
Joey Ortiz,United States
Tyler Matzek,United States
Nick Markakis,United States
Bruce Froemming,United States
David Fry,United States
Lane Thomas,United States
Charles Nagy,United States
Brian Fuentes,United States
Brad Fullmer,
Troy Percival,United States
Rafael Furcal,Dominican Republic
Hunter Gaddis,United States
Cade Smith,Canada
Eric Gagne,Canada
Jayson Werth,United States
Walt Weiss,United States
Tyler Webb,United States
Giovanny Gallegos,Mexico
Alek Thomas,United States
Adolis Garcia,Cuba
Avisaíl García,Venezuela
Freddy Garcia,Venezuela
Aaron Sele,United States
Jaime Garcia,Mexico
Karim Garcia,Mexico
Jeremy Peña,Dominican Republic
 Truist Park,
Maikel Garcia,Venezuela
Richie Garcia,
Larry Vanover,United States
Jason Varitek,United States
John Valentin,United States
Mark Gardener,
Brett Gardner,United States
Ryan Garko,United States
Jon Garland,United States
Braxton Garrett,United States
Phil Maton,United States
Reed Garrett,United States
Mitch Garver,United States
James Shields,United States
Mike Gaski,
John McHale,United States
Brian McCann,United States
Evan Gattis,United States
Kevin Gausman,United States
Vince Gennaro,Italy
Mike Hargrove,United States
Lee MacPhail,United States
Jason Giambi,United States
John Gibbons,United States
Kirk Gibson,United States
Kyle Gibson,United States
Luis Gil,Dominican Republic
Logan Gilbert,United States
Marcus Giles,
Tim Tschida,United States
Tim Welke,United States
Bill Wilke,
Andrés Giménez,Venezuela
Brayan Rocchio,Venezuela
Chris Gimenez,United States
Kevin Ginkel,United States
Brandon Pfaadt,United States
Doug Glanville,United States
Randall Simon,Curaçao
Tyler Glasnow,United States
Scott Spiezio,United States
Frank Thomas,United States
Ryan Goins,United States
Alexis Gomez,Dominican Republic
Craig Monroe,
Carlos Gomez,Dominican Republic
Tony Gonsolin,United States
Marco Gonzales,United States
Chase Utley,United States
Alex Gonzalez,Venezuela
Carl Pavano,United States
Fredi Gonzalez,Cuba
Gio Gonzalez,United States
Juan Gonzalez,Puerto Rico
Thomas Knepp,
Miguel Gonzalez,Mexico
Steven Kwan,United States
Oscar González,Dominican Republic
Dwight Gooden,United States
Darryl Strawberry,United States
Jeremy Guthrie,United States
Michael Toglia,United States
Nick Lodolo,United States
Nolan Gorman,United States
Rich Hill,United States
Kendall Graveman,United States
Jon Gray,United States
Tommy Kahnle,United States
Warren Greene,
Pete Rose,United States
Randal Grichuk,United States
A.J. Griffin,United States
Alferdo Griffin,
Ramon Ortiz,Dominican Republic
Jason Grilli,United States
Trent Grisham,United States
Keston Hiura,United States
Marquis Grissom,United States
Robbie Grossman,United States
Sean Guenther,United States
Magglio Ordonez,Venezuela
Bobby Wilkinson,
Vladimir Guerrero Jr.,Dominican Republic
Ron Guidry,United States
Carlos Guillen,Venezuela
Lourdes Gurriel,Cuba
Gabriel Moreno,Venezuela
Yuli Gurriel,Cuba
Jake Odorizzi,United States
Lourdes Gurriel Jr.,Cuba
Dan Halem,United States
Paul Lessard,Dominican Republic
Devin Mesoraco,United States
Derrick Hall,
Mike Hazen,United States
DL Hall,United States
Toby Hall,United States
Tom Hallion,
John Halma,
Darryl Hamilton,United States
Joey Hamilton,United States
Josh Hamilton,United States
Ian Kinsler,United States
Mitch Moreland,United States
Michael Young,United States
Jason Hammel,United States
Mitch Haniger,United States
Tommy Hanson,United States
J.A. Happ,United States
Rich Harden,Canada
Mike Harkey,United States
Brandon Marsh,United States
Ron Harper,
Ryan Zimmerman,United States
Adam Lind,United States
John Harrington,United States
Jim Healey,
Michael Harris,United States
Citizen's Bank Park,
Joe Smith,United States
Will Harris,United States
"Michael Harris, II",United States
Josh Harrison,United States
Matt Harrison,United States
John Hart,United States
Mickey Hatcher,United States
LaTroy Hawkins,United States
Austin Hays,United States
Brandon Hyde,United States
Michael Hazen,United States
Chase Headley,United States
Andrew Heaney,United States
Austin Hedges,United States
Cal Quantrill,Canada
Jonah Heim,United States
Jeremy Hellickson,United States
Rick Helling,United States
Todd Helton,United States
Willy Taveras,Dominican Republic
Gunnar Henderson,United States
Kyle Hendricks,United States
Travis Wood,United States
Liam Hendriks,Australia
Blake Treinen,United States
Jim Hendry,United States
David Hensley,United States
Pat Hentgen,United States
Sam Hentges,United States
Gil Heredia,United States
Guillermo Heredia,Cuba
Dustin Hermanson,United States
Carlos Hernandez,Venezuela
Enrique Hernandez,Puerto Rico
Teoscar Hernández,Dominican Republic
Tanner Houck,United States
Jeff Kent,United States
Robb Nen,United States
Orlando Hernandez,Spain
Ramiro Mendoza,
Jorge Posada,Puerto Rico
Ramon Hernandez,Venezuela
Roberto Hernandez,Dominican Republic
Orel Hershiser,United States
Jason Heyward,United States
Jim Hickey,United States
Kyle Higashioka,United States
James Hoye,United States
Mike Hill,
Fred Hina,United States
A.J. Hinch,United States
Jeff Hoffman,United States
Sam Holbrook,United States
Charlie Reliford,United States
Jeff Kellogg,
Derek Holland,Netherlands
Bengie Molina,United States
Greg Holland,United States
Craig Kimbrel,United States
Carlos Martinez,Dominican Republic
Tyler Holton,United States
Brent Honeywell,United States
Eric Hosmer,United States
Adrian Houser,United States
Jimmy Rollins,United States
James Sparks,
Art Howe,United States
Barry Zito,United States
J.P. Howell,United States
Dakota Hudson,United States
Aubrey Huff,United States
Andres Torres,United States
Jonathan Sanchez,Puerto Rico
Phil Hughes,United States
Gerry Hunsicker,United States
Tommy Hunter,United States
Torii Hunter,United States
Jeff Mathis,United States
Brant Hurter,United States
Andy Ibáñez,Cuba
Raul Ibanez,United States
Jose Iglesias,Cuba
Raisel Iglesias,Cuba
Tadahito Iguchi,Japan
Michael Morse,United States
Jason Isringhausen,United States
Akinori Iwamura,Japan
Mike Jackson,
Josh James,United States
Mike James,
Paul Janish,United States
Travis Jankowski,United States
Danny Jansen,United States
John Jaso,United States
Cristian Javier,Dominican Republic
Stan Javier,Dominican Republic
Shane Robinson,United States
Trevor Rosenthal,United States
Geoff Jenkins,United States
Desmond Jennings,United States
Bernie Williams,Puerto Rico
Chuck Knoblauch,United States
Luis Sojo,Venezuela
Mike Stanton,United States
Tino Martinez,United States
Paul O'Neill,
Eloy Jiménez,Dominican Republic
Jackson Jobe,United States
Davey Johnson,United States
Kelly Johnson,United States
Nick Johnson,United States
Bobby Jones,
Bobby J. Jones,United States
Chipper Jones,United States
Jacque Jones,
Johan Santana,Venezuela
Todd Jones,United States
Matt Joyce,United States
Wally Joyner,United States
Edouard Julien,Canada
David Justice,United States
Gabe Kapler,United States
Kevin Millar,United States
Eric Karros,United States
Mike Remlinger,United States
Scott Kazmir,United States
B.J. Upton,United States
Jarred Kelenic,United States
Merrill Kelly,United States
Howie Kendrick,United States
Kyle Kendrick,United States
Ian Kennedy,United States
Max Kepler,Germany
Jorge Polanco,Dominican Republic
Orion Kerkering,United States
Kevin Kiermaier,United States
Austin Meadows,United States
Yusei Kikuchi,Japan
Darryl Kile,United States
Byung Hyun Kim,South Korea
Ha-Seong Kim,South Korea
Michael King,United States
Jason Kipnis,United States
Roberto Perez,Puerto Rico
George Kirby,United States
Royce Lewis,United States
Alex Kirilloff,United States
Alejandro Kirk,Mexico
Steve Kline,United States
Paul Konerko,United States
Scott Podsednik,United States
Corey Koskie,Canada
Mark Kotsay,United States
Rick Kranitz,United States
Dean Kremer,Israel
Jason Kubel,United States
Denard Span,United States
Ron Kulpa,United States
Jerry Layne,United States
Hong-Chih Kuo,Taiwan
Hideki Kuriyama,Japan
Hiroki Kuroda,Japan
Red Schoendienst,United States
Tommy La Stella,United States
Mark Teixeira,United States
Francisco Rodriguez,Venezuela
Juan Lagares,Dominican Republic
Gerald Laird,United States
Chuck Lamar,United States
Vince Naimoli,United States
Larry Rothschild,United States
Mike Lamb,United States
Shea Langeliers,United States
Barry Larkin,United States
Adam LaRoche,United States
Paul Seiler,
Bob Watson,United States
Mat Latos,United States
Ramón Laureano,Dominican Republic
Jose Leclerc,Dominican Republic
Ricky Ledee,Puerto Rico
Derrek Lee,United States
Dylan Lee,United States
Kyle Wright,United States
Mark Leiter,United States
D.J. Lemahieu,United States
DJ LeMahieu,United States
Miguel Montero,Venezuela
Jed Lowrie,United States
Tony Vinciquerra,
Pablo Lopez,Venezuela
Jon Lieber,United States
Ted Lilly,United States
Angel Pagan,Puerto Rico
Freddie Sanchez,
Francisco Liriano,Dominican Republic
Grady Little,United States
Ben Lively,United States
Paul Lo Duca,United States
John Maine,United States
Jose Reyes,Dominican Republic
Jonathan Loaisiga,Nicaragua
Jose Lobaton,Venezuela
C.C. Sabathia,United States
Kyle Lohse,United States
James Loney,United States
Mike Yastrzemski,United States
Davey Lopes,United States
Albie Lopez,United States
Mark Loretta,United States
Brandon Lowe,United States
Pedro Martinez,Dominican Republic
Trot Nixon,United States
Nathaniel Lowe,United States
Jonathan Lucroy,United States
Ryan Ludwick,United States
Julio Lugo,Dominican Republic
Seth Lugo,United States
Jeff Luhnow,Mexico
Gavin Lux,United States
Ken Macha,United States
Brad Mills,United States
Mike Maddux,United States
Kenta Maeda,Japan
Trey Mancini,United States
Chuck Ristano,
Commissioner's Historic Achievement Award Presentation,United States
Alek Manoah,United States
Joe Mantiply,United States
Ryan Thompson,United States
Carlos Ruiz,Panama
Brett Myers,United States
Scott Sheridan,
Jerry Manuel,United States
Shaun Marcum,United States
Randy Maris,United States
Kevin Maris,United States
"Roger Maris, Jr.",United States
Jake Marisnick,United States
Oliver Marmol,United States
German Marquez,Venezuela
Jason Marquis,United States
Randy Marsh,
Rich Rieker,United States
Ketel Marte,Dominican Republic
Geraldo Perdomo,Dominican Republic
Tom Martin,United States
Dave Martinez,United States
Troy O'Leary,
Ramon Martinez,Dominican Republic
Kent Mercker,United States
Victor Martinez,Venezuela
Jhonny Peralta,Dominican Republic
Michael Massey,United States
Hideki Matsui,Japan
Kaz Matsui,Japan
Brian Matusz,United States
Darren O'Day,
Steve Matz,United States
Steven Matz,United States
AJ Minter,United States
Trevor May,United States
Joe Mays,
Leo Mazzone,United States
James McCann,United States
Ryan O'Hearn,
Tim McClelland,United States
Chas McCormick,United States
Quinton McCracken,United States
Lance McCullers,United States
Lance McCullers Jr.,United States
Brad Peacock,United States
"Lance McCullers,",United States
Jake McGee,United States
Mike Zunino,United States
Collin McHugh,United States
Triston McKenzie,United States
Nate McLouth,United States
Jeff McNeil,United States
Parker Meadows,United States
Kris Medlen,United States
Francisco Mejía,Dominican Republic
Mark Melancon,United States
MJ Melendez,United States
Carlos Mendoza,Venezuela
Whit Merrifield,United States
Jackson Merrill,United States
Ryan Merritt,United States
Hensley Meulens,Curaçao
Jake Meyers,United States
Doug Mientkiewicz,United States
Miles Mikolas,United States
Aaron Miles,United States
John Rodriguez,
Wade Miley,United States
Matt Wieters,United States
Bobby Miller,United States
Josh Miller,
Wade Miller,United States
Jim Schultz,
Tommy Milone,United States
Eric Milton,United States
Omar Minaya,Dominican Republic
Mike Minor,United States
Sean Murphy,United States
Dave Mlicki,United States
Jose Molina,Puerto Rico
Yadier Molina,Puerto Rico
Jeff Suppan,United States
Paul Molitor,United States
Ed Montague,United States
Frankie Montas,Dominican Republic
Rafael Montero,Dominican Republic
Jordan Montgomery,United States
Dayton Moore,United States
Matt Moore,United States
Kelly Shoppach,United States
Franklin Morales,Venezuela
Mike Mordecai,United States
Gabi Moreno,
Mike Morgan,United States
Jim Riggleman,United States
Nyjer Morgan,United States
Jack Morris,United States
Matt Morris,United States
Brandon Moss,United States
Edward Mujica,Venezuela
John Mozeliak,United States
Cedric Mullins,United States
Andres Munoz,Mexico
Pete Munro,United States
Charles Murphy,
Jonathon Niese,United States
David Murphy,United States
Pat Murphy,United States
Joe Musgrove,United States
Fernando Tatis Jr.,Dominican Republic
Freddy Peralta,Dominican Republic
Omar Narváez,Venezuela
Dioner Navarro,Venezuela
Bo Naylor,Canada
Josh Naylor,Canada
Kyle Nelson,United States
Andrew Saalfrank,United States
Tim Worrell,United States
Héctor Neris,Dominican Republic
Pat Neshek,United States
Sean Newcomb,United States
Al Newman,United States
Jon Niese,United States
Brandon Nimmo,United States
Jayson Nix,United States
Jhonkensy Noel,Dominican Republic
Aaron Nola,United States
Austin Nola,United States
Ricky Nolasco,United States
Lars Nootbaar,United States
Kazuma Okamoto,Japan
Ivan Nova,Dominican Republic
Dirk Nowitzki,
Abraham Nunez,
Eduardo Nunez,Dominican Republic
Johnny Oates,United States
Johny Oates,
Barack Obama,
Bailey Ober,United States
Jose Offerman,Dominican Republic
Chad Ogea,United States
Augie Ojeda,United States
Chris Snyder,United States
Matt Olson,United States
Marcus Semien,United States
Reese Olson,United States
Scott Williamson,United States
Bobby Ramos,Cuba
Dan Otero,United States
Bryan Shaw,United States
Micah Owings,United States
Vicente Padilla,Nicaragua
Caleb Thielbar,United States
Emilio Pagan,United States
Steve Palermo,United States
Rafael Palmeiro,Cuba
Joe Panik,United States
Yusmeiro Petit,Venezuela
Jonathan Papelbon,United States
Craig Paquette,United States
Jarrod Parker,United States
Jim Parque,United States
Lance Parrish,United States
Vinnie Pasquantino,United States
James Paxton,Canada
Champ Pederson,United States
Dustin Pedroia,United States
Ryan Pepiot,United States
David Peralta,Venezuela
A.J. Pollock,United States
Wandy Peralta,Dominican Republic
Martin Perez,Venezuela
Oliver Perez,Mexico
Timo Perez,
Wenceel Perez,Dominican Republic
Glen Perkins,United States
David Peterson,United States
Rick Peterson,United States
Stephen Piscotty,United States
Brandon Phillips,United States
Evan Phillips,United States
Steve Phillips,United States
J.J. Picollo,United States
Kevin Pillar,United States
Joel Pineiro,Puerto Rico
Hunter Renfroe,United States
Kevin Plawecki,United States
Placido Polanco,Dominican Republic
AJ Pollock,United States
 Postgame 4 Press Conference,
Drew Pomeranz,United States
Sidney Ponson,Aruba
Rick Porcello,United States
Mike Port,United States
Logan Webb,United States
Sergio Romo,United States
Todd Pratt,United States
A.J. Preller,United States
Ryan Pressly,United States
Bryan Price,United States
Mark Prior,United States
Jurickson Profar,Curaçao
Woody Williams,United States
Fernando Vina,Cuba
Tim Purpura,United States
Matt Quatraro,United States
Jose Quintana,Colombia
Ryan Raburn,United States
Brad Radke,United States
Cole Ragans,United States
Tim Raines,United States
Cal Raleigh,United States
Eugenio Suarez,Venezuela
Willie Randolph,United States
Drew Rasmussen,United States
Robbie Ray,United States
J.T Realmuto,United States
J.T. Realmuto,United States
Brit Reames,
Josh Reddick,United States
Mark Redman,United States
Rick Reed,United States
Steve Reed,United States
Mike Reilly,United States
Anthony Rendon,United States
Kurt Suzuki,United States
Anthony Reyes,United States
Dennis Reyes,
Mark Reynolds,United States
Brandon Webb,United States
Shane Reynolds,United States
Dave Righetti,United States
Mike Rizzo,United States
Tanner Roark,United States
Luis Robert,Cuba
Bip Roberts,United States
Omar Vizquel,Venezuela
 Pregame 6 Press Conference,
 Postgame 6 Press Conference,
 Pregame 4 Press Conference,
 Pregame 3 Press Conference,
 Pregame 2 Press Conference,
 Postgame 2 Press Conference,
 Pregame 1 Press Conference,
 Postgame 1 Press Conference,
Ryan Roberts,United States
David Robertson,United States
Nate Robertson,United States
Eddie Robinson,United States
Carlos Rodon,United States
Gavin Sheets,United States
Eduardo Rodriguez,Venezuela
Grayson Rodriguez,United States
Julio Rodríguez,Dominican Republic
Ron Roenicke,United States
Jake Rogers,United States
Tyler Rogers,United States
Johan Rojas,Dominican Republic
Miguel Rojas,Venezuela
Jose Rosado,
David Ross,United States
Aaron Rowand,United States
Kirk Rueter,United States
Darin Ruf,United States
Glendon Rusch,United States
Adley Rutschman,United States
Joe Ryan,United States
Nolan Ryan,United States
Marc Rzepczynski,United States
CC Sabathia,United States
Brian Sabean,United States
Bret Saberahagen,
Olmedo Saenz,Panama
Takashi Saito,Japan
Postgame 4 Quotes,United States
Tim Salmon,United States
Jarrod Washburn,United States
Jarrod Saltalamacchia,United States
Jeff Samardzija,United States
Cristopher Sanchez,Dominican Republic
Jonathan Schoop,Curaçao
Ervin Santana,Dominican Republic
Anthony Santander,Venezuela
Kazuhiro Sasaki,Japan
Joe Saunders,United States
Chris Tillman,United States
Michael Saunders,Canada
Tony Saunders,United States
Josh Sborz,United States
Clarke Schmidt,United States
John Schneider,United States
John Schuerholz,United States
Skip Schumaker,United States
Dale Scott,United States
Tanner Scott,United States
Vin Scully,United States
Bud Selig,United States
Kodai Senga,Japan
Antonio Senzatela,Venezuela
Scott Servais,United States
Luis Severino,Dominican Republic
Gleyber Torres,Venezuela
Paul Sewald,United States
Richie Sexson,United States
Mark Shapiro,United States
Gary Sheffield,United States
Scot Shields,United States
Mike Shildt,United States
Pat Shine,
Matt Shoemaker,United States
Ron Shuler,
Carlos Silva,Venezuela
Mike Sirotka,United States
Tarik Skubal,United States
Bud Smith,United States
Pavin Smith,United States
Randy Smith,United States
Blake Snell,United States
Troy Snitker,United States
Noah Snydergaard,United States
Mike Soroka,Canada
Jorge Sosa,Dominican Republic
Gregory Soto,Dominican Republic
Juan Soto,Dominican Republic
Trea Turner,United States
Shane Spencer,United States
Junior Spivey,United States
Jeffrey Springs,United States
Matt Stairs,Canada
Roger Staubach,
Ryne Stavek,
Trevor Stephan,United States
Garret Stephenson,
Julia Ruth Stevens,United States
Dave Stewart,United States
Bryson Stott,United States
Jeanne Stottlemyer,
Mel Stottlemyre,United States
Todd Stottlemyre,United States
Matt Strahm,United States
Dan Straily,United States
Stephen Strasburg,United States
Charisse Strawberry,United States
Brent Strom,United States
Marcus Stroman,United States
Ranger Suarez,Venezuela
Ichiro Suzuki,Japan
Trey Sweeney,United States
So Taguchi,Japan
Jameson Taillon,Canada
Masahiro Tanaka,Japan
Leody Taveras,Dominican Republic
Josh Taylor,United States
Michael Taylor,United States
Julio Teheran,Colombia
Ryan Tepera,United States
Marcus Thames,United States
Ryan Theriot,United States
John Thomson,
Zack Wheeler,United States
Brett Tomko,United States
Spencer Torkelson,United States
Chien-Ming Wang,Taiwan
Don Zimmer,United States
Kevin Towers,United States
Steve Trachsel,United States
Jim Tracy,United States
Alan Trammell,United States
Jose Trevino,United States
Mike Trout,United States
Michael Tucker,United States
Alex Vesia,United States
Bob Uecker,United States
Koji Uehara,Japan
Melvin Upton Jr.,United States
Julio Urias,Mexico
Juan Uribe,Dominican Republic
Jose Valentin,Puerto Rico
Jose Valverde,Dominican Republic
Jason Vargas,United States
Javier Vazquez,Puerto Rico
Yordano Ventura,Dominican Republic
Quilvio Veras,Dominican Republic
Alex Verdugo,United States
Will Vest,United States
Matt Vierling,United States
Jose Vizcaino,Dominican Republic
Stephen Vogt,United States
Anthony Volpe,United States
LaMonte Wade,United States
Billy Wagner,United States
Neil Walker,United States
Taijuan Walker,United States
Todd Walker,United States
Dave Wallace,United States
Daryle Ward,United States
Luke Weaver,United States
Bob Welch,United States
Austin Wells,United States
Turk Wendell,United States
Joey Wendle,United States
Joe West,United States
Jake Westbrook,United States
Jordan Westburg,United States
Lou Whitaker,United States
Rick White,United States
Gavin Wiliams,
Devin Williams,United States
Gavin Williams,United States
Jerome Williams,United States
C.J. Wilson,United States
Preston Wilson,United States
DeWayne Wise,United States
Bobby Witt,United States
"Bobby Witt, Jr.",United States
Tony Womack,United States
Alex Wood,United States
Kerry Wood,United States
Peter Woodfork,United States
Jaret Wright,United States
Steven Wright,United States
Yoshinobu Yamamoto,Japan
Carl Yastrzemski,United States
Kirby Yates,United States
Masato Yoshii,Japan
Carlos Zambrano,Venezuela
Todd Zeile,United States
Jordan Zimmermann,United States
Ben Zobrist,United States
Joel Zumaya,United States
